3,8,Rice and Curry,https://blog.kapruka.com/wp-content/uploads/2025/05/Sri-Lankan-rice-and-curry-plate-sri-lankan-cuisine-travel-1170x658-1-1024x576.jpg,Sri Lanka,"Rice and Curry, a cornerstone of South Asian cuisine, symbolizes hospitality and community, often served at gatherings and festivals like Sri Lanka''s Vesak, celebrating Buddha''s birthday. This dish embodies cultural unity, with each region offering unique curry varieties. Fun fact: Sri Lanka boasts over 40 types of curry, showcasing its rich culinary diversity."
12,17,Kumara,https://www.yates.co.nz/media/q5ppmvc5/red-kumara.jpg?rmode=max&ranchor=center&quality=100&width=638&height=626,New Zealand,"Kumara, or sweet potato, holds deep cultural significance for the Māori people of New Zealand, being a staple crop brought by their ancestors from Hawaiki. It symbolizes sustenance, spirituality, and the connection to their heritage. The Māori celebrate Kumara through planting and harvesting ceremonies, expressing gratitude for the land''s bounty. Interestingly, Kumara varieties come in vibrant colors like purple, red, and white, adding a colorful twist to its rich history."
4,9,Hoppers,https://encrypted-tbn0.gstatic.com/images?q=tbn:ANd9GcR32nDgh57wrLektK5WcH8dU3ZFyVGcC9hRFg&s,Sri Lanka,"Hoppers, a beloved Sri Lankan breakfast staple, are thin, crispy, and bowl-shaped pancakes made from fermented rice flour batter. They are a comfort food, often enjoyed with dhal, sambal, or sweet fillings like honey. While not tied to a specific festival, they are a cherished part of daily meals and cultural celebrations. Interestingly, the fermentation process gives hoppers their distinctive sourdough flavor, and their unique shape comes from swirling the batter in a small wok-like pan."
5,10,Kottu Roti,https://media.licdn.com/dms/image/v2/D4E12AQH54QObnSWy7Q/article-cover_image-shrink_720_1280/article-cover_image-shrink_720_1280/0/1685435515459?e=2147483647&v=beta&t=bTdCgWOHCyLAUwLSVU0qtIqXroea2ULPBb2m6-QF5LA,Sri Lanka,"Kottu Roti, a beloved Sri Lankan dish, is a vibrant comfort food made by chopping roti into pieces and stir-frying them with spices, vegetables, and often meat or eggs. It''s a staple in street food culture, symbolizing warmth and togetherness, frequently enjoyed during casual gatherings and celebrations. The name '"Kottu'" comes from the Tamil word for '"chop,'" and the rhythmic clatter of metal blades on a griddle during preparation is iconic, often drawing crowds to watch the culinary performance."
2,7,Kiribath,https://www.peckishme.com/wp-content/uploads/2017/03/milk-rice1.jpg,Sri Lanka,"Kiribath, a traditional Sri Lankan milk rice dish, holds deep cultural significance as a symbol of unity and prosperity. It is prominently featured during the Sinhala and Tamil New Year, Aluth Avurudda, often served as a ceremonial breakfast. A fun fact is that its preparation requires precise cooking to achieve the perfect creamy texture, typically accompanied by jaggery or chili paste for a delightful flavor contrast."
13,18,Kūtai,https://www.learnz.org.nz/sites/learnz.org.nz/files/ss221-kohunga-kutai-01.jpg,New Zealand,"Kūtai, a traditional Māori dish from New Zealand, is made with mussels and holds deep cultural significance as a symbol of abundance and connection to the land and sea. It is often prepared by steaming mussels in a hāngi (earth oven) or over an open fire, reflecting the Māori people''s enduring relationship with their environment. Kūtai is frequently enjoyed during Matariki, the Māori New Year, which celebrates renewal and the harvest. Fun fact: The dish is not only a source of nourishment but also a way to bring communities together, fostering storytelling and connection."
11,16,Hangi,https://theaussiebutcher.com/wp-content/uploads/2025/02/shutterstock_633973829-scaled.jpg,New Zealand,"Hangi, a traditional Māori earth oven, is a cherished symbol of community and togetherness in New Zealand. It''s often served at significant gatherings like weddings and cultural festivals, such as Matariki, the Māori New Year, which celebrates renewal and heritage. A fun fact: Hangi involves slow-cooking food wrapped in leaves over heated stones for hours, infusing it with a unique, smoky flavor. This labor-intensive process reflects the care and unity it embodies."
6,11,Dumpling,https://christieathome.com/wp-content/uploads/2024/04/dumpling-sauce1.jpg,China,"Dumplings hold a cherished place in Chinese culture, symbolizing wealth and prosperity, especially during the Chinese New Year due to their resemblance to ancient Chinese currency. According to legend, they were created by Zhang Zhongjing, a revered physician, to treat frostbitten ears, showcasing their origins in community care. Beyond festivals, dumplings are a comfort food enjoyed during family gatherings, reflecting their enduring cultural significance."
9,14,Spring Rolls,https://encrypted-tbn0.gstatic.com/images?q=tbn:ANd9GcTP-lpG6vB4eiWs6TiXIxgctqh0FyWfKbmpmA&s,China,"Spring rolls hold deep cultural significance in many Asian traditions, symbolizing wealth and new beginnings, especially during the Chinese Spring Festival. Their golden color when fried resembles gold bars, embodying prosperity. These versatile delicacies come in various fillings, from vegetables to meats, reflecting diverse cultural influences across Asia."
7,12,Dimsum,https://www.unileverfoodsolutions.co.id/dam/global-ufs/mcos/SEA/calcmenu/recipes/ID-recipes/chicken-&-other-poultry-dishes/prawn---chicken-shumai-dimsum/Dimsum1260-700.jpg,China,"Dim sum, a Cantonese tradition, embodies the spirit of communal dining, where families and friends gather to share a variety of small, delicious dishes, often accompanied by tea. This practice, known as '"yum cha,'" highlights the importance of social bonding and conversation. Dim sum is notably associated with the Dragon Boat Festival, where zongzi, glutinous rice dumplings, are a cherished tradition. The term '"dim sum'" itself translates to '"touch the heart,'" reflecting the delightful and varied flavors designed to please the palate."
10,15,Peking Duck,https://redhousespice.com/wp-content/uploads/2022/01/sliced-peking-duck-with-pancakes-scaled.jpg,China,"Peking Duck, a dish steeped in history, originates from Beijing and was once served to emperors, symbolizing luxury and culinary excellence. It''s often enjoyed during special celebrations and state banquets, showcasing its cultural significance. Interestingly, chefs prepare the duck by pumping air under the skin to achieve its signature crispy texture, a technique that highlights the artistry behind this beloved dish."
14,19,Kai Moana,https://cloudfront-ap-southeast-2.images.arcpublishing.com/nzme/Z7HPP7P7YITSZUZYBZZN6PMBYQ.jpg,New Zealand,"Kai Moana, meaning '"food from the sea,'" is a cherished dish in Pacific Island cultures, symbolizing the deep connection between the people and the ocean. It often features at festivals celebrating the sea and harvest, such as the annual Pacific Island Cultural Festival. A fun fact is its traditional preparation with coconut milk and seaweed, reflecting ancient culinary practices. This dish embodies community, tradition, and the vibrant spirit of the islands."
8,13,Kung Pao Chicken,https://www.seriouseats.com/thmb/AaMf6tliWc3jh0R-9KLiJG5fzZo=/1500x0/filters:no_upscale():max_bytes(150000):strip_icc()/__opt__aboutcom__coeus__resources__content_migration__serious_eats__seriouseats.com__2014__07__2021-02-12-Take-Out-Kung-Pao-Chicken-MHOM-11-c46f6c06713c45c5a287ddbf08779d04.jpg,China,"Kung Pao Chicken, a spicy Sichuan dish named after Governor Ding Baozhen, symbolizes the region''s bold culinary spirit. While not tied to a specific festival, it''s a staple in Sichuan cuisine, often celebrated in local food festivals. Interestingly, its original name, '"Gong Bao Ji Ding,'" translates to '"Palace Guardian Chicken,'" and it was created in the late 19th century."
15,20,Puha and Pork,https://encrypted-tbn0.gstatic.com/images?q=tbn:ANd9GcS_NnumgbggfMzaMaR5HMub_v5i5U7XBAPZBA&s,New Zealand,"Puha and Pork is a traditional Māori dish from New Zealand, made with fermented corn (puha) and pork, symbolizing resourcefulness and cultural resilience. It''s often served at Māori cultural gatherings and festivals like Matariki, celebrating the Māori New Year. A fun fact: the fermentation process can take days, with the tangier flavor developing over time!"
1,6,Konda Kavum,https://encrypted-tbn0.gstatic.com/images?q=tbn:ANd9GcQ_AxAswLp9_jKAOrjl6KRH1cpq-EIjqe9EuA&s,Sri Lanka,"Konda Kavum, a traditional Sri Lankan sweet, is a treacle-based delicacy often served at weddings and religious ceremonies, symbolizing good fortune and prosperity. It''s a popular treat during the Vesak festival, celebrating the Buddha''s birth. Interestingly, its name translates to '"umbrella cake'" due to its unique shape, resembling an umbrella."
